name,pos,team,bye,tier,projected$,vbd,aav
"Jahmyr Gibbs",RB,DET,6,RB1,83.52,218.59,72.7
"Bijan Robinson",RB,ATL,11,RB2,74,194.13,72.3
"Christian McCaffrey",RB,SF,8,RB5,65.14,171.37,61.2
"Jonathan Taylor",RB,IND,13,RB3,63.12,166.19,57.8
"Derrick Henry",RB,BAL,13,RB6,53.44,141.32,35.7
"Puka Nacua",WR,LAR,11,WR2,52.13,135.76,63.2
"De'Von Achane",RB,MIA,6,RB3,51.28,135.79,45.4
"Ja'Marr Chase",WR,CIN,6,WR1,49.95,130.15,66.2
"James Cook III",RB,BUF,7,RB4,48.94,129.77,53.7
"Jaxon Smith-Njigba",WR,SEA,11,WR3,48.15,125.54,60.7
"Chase Brown",RB,CIN,6,RB8,46.03,122.29,44.6
"Saquon Barkley",RB,PHI,10,RB7,44.95,119.52,46.1
"Amon-Ra St. Brown",WR,DET,6,WR4,44.56,116.3,54.6
"Kenneth Walker III",RB,KC,5,RB9,42.12,112.25,38.6
"Ashton Jeanty",RB,LV,13,RB4,40.23,107.39,48.2
"Omarion Hampton",RB,LAC,7,RB10,39.32,105.06,42.7
"Jeremiyah Love",RB,ARI,14,RB4,37.52,100.44,31.4
"Javonte Williams",RB,DAL,14,RB5,37.26,99.77,20.7
"Breece Hall",RB,NYJ,13,RB5,36.48,97.77,19.1
"Kyren Williams",RB,LAR,11,RB5,35.1,94.23,23.8
"Travis Etienne Jr.",RB,NO,8,RB5,33.35,89.73,18.1
"Josh Allen",QB,BUF,7,QB1,33.17,86.98,32.8
"Cam Skattebo",RB,NYG,8,RB5,32.81,88.35,15.1
"Drake London",WR,ATL,11,WR9,31.34,82.35,41.6
"Trey McBride",TE,ARI,14,TE2,30.66,80.31,33.1
"CeeDee Lamb",WR,DAL,14,WR5,29.95,78.78,54.6
"D'Andre Swift",RB,CHI,10,RB5,29.87,80.8,10.7
"Justin Jefferson",WR,MIN,6,WR6,29.8,78.4,48.8
"Rashee Rice",WR,KC,5,WR3,28.33,74.62,23.8
"Brock Bowers",TE,LV,13,TE1,28.11,73.77,37.2
"Quinshon Judkins",RB,CLE,11,RB5,27.86,75.63,10.3
"Bucky Irving",RB,TB,10,RB5,27.76,75.38,12.7
"Chris Olave",WR,NO,8,WR3,26.95,71.08,25.3
"Bhayshul Tuten",RB,JAC,7,RB6,25.89,70.56,7.8
"A.J. Brown",WR,NE,11,WR7,25.75,67.99,27.7
"George Pickens",WR,DAL,14,WR10,24.9,65.82,32.5
"Nico Collins",WR,HOU,8,WR8,24.41,64.56,37.8
"David Montgomery",RB,HOU,8,RB6,21.29,58.75,11.2
"Zay Flowers",WR,BAL,13,WR4,21.16,56.2,14.3
"Malik Nabers",WR,NYG,8,WR4,20.73,55.1,27.3
"Colston Loveland",TE,CHI,10,TE3,19.19,50.85,18.4
"Garrett Wilson",WR,NYJ,13,WR4,18.52,49.44,14.7
"Jaylen Warren",RB,PIT,9,RB6,18.15,50.69,4
"TreVeyon Henderson",RB,NE,11,RB6,18.03,50.37,9.7
"DeVonta Smith",WR,PHI,10,WR4,17.97,48.01,23.4
"Tetairoa McMillan",WR,CAR,5,WR5,17.93,47.92,19.4
"Jadarian Price",RB,SEA,11,RB6,17.92,50.11,8
"Emeka Egbuka",WR,TB,10,WR5,17.37,46.48,12
"Tony Pollard",RB,TEN,9,RB6,16.95,47.61,3.3
"Rhamondre Stevenson",RB,NE,11,RB6,16.78,47.18,3
"Davante Adams",WR,LAR,11,WR5,15.95,42.83,12.6
"Tee Higgins",WR,CIN,6,WR5,15.31,41.19,19.5
"Lamar Jackson",QB,BAL,13,QB2,15.16,40.73,20
"Jameson Williams",WR,DET,6,WR5,14.98,40.33,7.4
"J.K. Dobbins",RB,DEN,10,RB6,14.9,42.35,2.4
"Jayden Daniels",QB,WAS,7,QB6,14.38,38.71,8
"Rico Dowdle",RB,PIT,9,RB7,14.32,40.85,3.7
"Tyler Warren",TE,IND,13,TE4,14.26,38.2,12.3
"Drake Maye",QB,NE,11,QB3,13.79,37.21,13.2
"Jalen Hurts",QB,PHI,10,QB5,13.64,36.82,6.7
"Harold Fannin Jr.",TE,CLE,11,TE9,13.36,35.9,4
"Chuba Hubbard",RB,CAR,5,RB7,13.08,37.33,5.9
"Ladd McConkey",WR,LAC,7,WR5,12.27,33.37,13.3
"MarShawn Lloyd",RB,GB,11,RB7,11.91,33.99,1
"Jonathon Brooks",RB,CAR,5,RB7,11.6,33.09,2.6
"George Kittle",TE,SF,8,TE8,11.1,30.09,2.8
"Kenny Gainwell",RB,TB,10,RB7,11.09,31.64,1.8
"Terry McLaurin",WR,WAS,7,WR5,11.07,30.3,9.6
"Kyle Monangai",RB,CHI,10,RB7,10.64,30.36,2.7
"Rome Odunze",WR,CHI,10,WR5,10.58,29.03,4.9
"Rachaad White",RB,WAS,7,RB7,10.55,30.1,1.7
"DJ Moore",WR,BUF,7,WR5,10.51,28.87,6.8
"Jaylen Waddle",WR,DEN,10,WR5,10.23,28.15,12.1
"Sam LaPorta",TE,DET,6,TE6,10.22,27.82,4.1
"Aaron Jones Sr.",RB,MIN,6,RB7,10.18,29.05,1.9
"Kyle Pitts Sr.",TE,ATL,11,TE7,10.16,27.66,3.3
"Jacory Croskey-Merritt",RB,WAS,7,RB7,10.1,28.82,1.4
"Joe Burrow",QB,CIN,6,QB4,9.95,27.35,11.8
"RJ Harvey",RB,DEN,10,RB7,9.85,28.09,2.8
"Luther Burden III",WR,CHI,10,WR5,9.71,26.8,11.3
"Jordan Mason",RB,MIN,6,RB7,9.68,27.61,1.5
"Jaxson Dart",QB,NYG,8,QB3,9.43,26.01,3.7
"Dallas Goedert",TE,PHI,10,TE4,9.33,25.53,1.3
"Blake Corum",RB,LAR,11,RB7,8.97,25.58,2.6
"Travis Kelce",TE,KC,5,TE4,8.23,22.7,2.3
"Tucker Kraft",TE,GB,11,TE5,8.21,22.65,6.3
"Christian Watson",WR,GB,11,WR6,8.16,22.81,5
"Trevor Lawrence",QB,JAC,7,QB9,8.08,22.55,2.4
"Brock Purdy",QB,SF,8,QB3,7.83,21.91,1.4
"Dak Prescott",QB,DAL,14,QB10,7.67,21.48,3.5
"Josh Jacobs",RB,GB,11,RB7,7.61,21.7,26.9
"Courtland Sutton",WR,DEN,10,WR6,7.06,20,1.8
"Alec Pierce",WR,IND,13,WR6,6.56,18.7,3.5
"Patrick Mahomes II",QB,KC,5,QB3,6.53,18.56,2.5
"Marvin Harrison Jr.",WR,ARI,14,WR6,6.46,18.44,3.4
"Mike Evans",WR,SF,8,WR6,6.46,18.43,6.5
"DK Metcalf",WR,PIT,9,WR6,6.46,18.42,2.4
"Caleb Williams",QB,CHI,10,QB7,6.28,17.9,3.4
"Justin Herbert",QB,LAC,7,QB8,5.88,16.77,3.9
"Bo Nix",QB,DEN,10,QB3,5.69,16.23,1.4
"Tyjae Spears",RB,TEN,9,RB7,5.59,15.94,1.1
"Mark Andrews",TE,BAL,13,TE5,5.53,15.79,1.2
"Woody Marks",RB,HOU,8,RB7,5.36,15.28,1
"Matthew Stafford",QB,LAR,11,QB3,4.92,14.04,1.7
"Isaiah Likely",TE,NYG,8,TE5,4.92,14.02,1.7
"Parker Washington",WR,JAC,7,WR6,4.68,13.34,1.6
"Brian Thomas Jr.",WR,JAC,7,WR6,4.57,13.02,2.4
"Dalton Kincaid",TE,BUF,7,TE10,4.56,12.99,1.3
"Kyler Murray",QB,MIN,6,QB3,4.54,12.96,1.3
"Jake Ferguson",TE,DAL,14,TE5,4.3,12.26,1.3
"Zach Charbonnet",RB,SEA,11,RB8,4.25,12.13,1.8
"Michael Pittman Jr.",WR,PIT,9,WR6,4.2,11.98,1.2
"Jared Goff",QB,DET,6,QB3,3.85,10.99,1.4
"Hunter Henry",TE,NE,11,TE5,3.45,9.84,1.1
"Carnell Tate",WR,TEN,9,WR6,3.42,9.77,3.7
"Tyler Shough",QB,NO,8,QB3,3.41,9.74,1.2
"Jayden Reed",WR,GB,11,WR6,3.37,9.61,1.1
"Michael Wilson",WR,ARI,14,WR6,3.18,9.08,1.8
"Juwan Johnson",TE,NO,8,TE5,3.12,8.89,1
"Quentin Johnston",WR,LAC,7,WR6,3.08,8.8,1.3
"Baker Mayfield",QB,TB,10,QB3,2.86,8.15,1.1
"Jakobi Meyers",WR,JAC,7,WR6,2.83,8.07,1.2
"Brenton Strange",TE,JAC,7,TE5,2.79,7.94,1
"Chris Godwin Jr.",WR,TB,10,WR6,2.74,7.82,1.7
"Jordan Addison",WR,MIN,6,WR6,2.7,7.7,1.1
"Justice Hill",RB,BAL,13,RB8,2.66,7.58,1
"Wan'Dale Robinson",WR,TEN,9,WR6,2.31,6.58,1.1
"Xavier Worthy",WR,KC,5,WR6,2.29,6.53,1
"De'Zhaun Stribling",WR,SF,8,WR6,2.13,6.09,1
"Matthew Golden",WR,GB,11,WR6,1.96,5.59,1.4
"Alvin Kamara",RB,NO,8,RB8,1.9,5.42,1.3
"Dalton Schultz",TE,HOU,8,TE5,1.78,5.09,1.2
"Chris Rodriguez Jr.",RB,JAC,7,RB8,1.73,4.94,1.2
"Jordan Love",QB,GB,11,QB3,1.69,4.83,1.2
"Romeo Doubs",WR,NE,11,WR7,1.63,4.66,1.2
"Dylan Sampson",RB,CLE,11,RB8,1.59,4.52,1
"Mike Washington Jr.",RB,LV,13,RB8,1.57,4.46,0
"Stefon Diggs",WR,WAS,7,WR7,1.52,4.34,1.1
"Deebo Samuel Sr.",WR,SF,8,WR7,1.49,4.25,1
"AJ Dillon",RB,CAR,5,RB8,1.31,3.73,0
"Daniel Jones",QB,IND,13,QB3,1.24,3.54,1
"KC Concepcion",WR,CLE,11,WR7,1.18,3.38,1.3
"Braelon Allen",RB,NYJ,13,RB8,1.12,3.19,1
"Rashid Shaheed",WR,SEA,11,WR7,1.04,2.96,1.1
"Brandon Aubrey",K,DAL,14,K1,1,19.4,4.9
"Jason Myers",K,SEA,11,K5,1,18.4,1.3
"Ka'imi Fairbairn",K,HOU,8,K2,1,12.5,1.7
"Cameron Dicker",K,LAC,7,K3,1,10.7,1.5
"Harrison Mevis",K,LAR,11,K1,1,4.8,1.5
"Jake Bates",K,DET,6,K8,1,4,1.3
"Spencer Shrader",K,IND,13,K1,1,3.2,0
"Cairo Santos",K,CHI,10,K1,1,1.3,1
"Chase McLaughlin",K,TB,10,K10,1,0.9,1.4
"Eddy Pineiro",K,SF,8,K6,1,0.1,1.1
"Cam Little",K,JAC,7,K4,1,0,1.6
"Tyler Loop",K,BAL,13,K7,1,0,1.1
"Houston Texans",DEF,HOU,8,DST1,1,0,1
"Denver Broncos",DEF,DEN,10,DST3,1,0,1
"Minnesota Vikings",DEF,MIN,6,DST7,1,0,1
"Pittsburgh Steelers",DEF,PIT,9,DST8,1,0,1
"Seattle Seahawks",DEF,SEA,11,DST4,1,0,1
"Los Angeles Rams",DEF,LAR,11,DST2,1,0,0
"Los Angeles Chargers",DEF,LAC,7,DST10,1,0,1
"Buffalo Bills",DEF,BUF,7,DEF2,1,0,1
"Detroit Lions",DEF,DET,6,DEF2,1,0,1
"Atlanta Falcons",DEF,ATL,11,DEF2,1,0,1
"Philadelphia Eagles",DEF,PHI,10,DST5,1,0,1
"Baltimore Ravens",DEF,BAL,13,DEF2,1,0,1
"Malik Willis",QB,MIA,6,QB3,0.99,2.84,1.1
"Samaje Perine",RB,CIN,6,RB8,0.72,2.05,1
"Khalil Shakir",WR,BUF,7,WR7,0.62,1.77,1.1
"T.J. Hockenson",TE,MIN,6,TE6,0.58,1.66,1.2
"Josh Downs",WR,IND,13,WR7,0.47,1.36,1.2
"Pat Freiermuth",TE,PIT,9,TE6,0.39,1.11,1.3
"Jalen Coker",WR,CAR,5,WR7,0.16,0.44,1.1
"Greg Dulcich",TE,MIA,6,TE6,0.12,0.34,1
"Ty Johnson",RB,BUF,7,RB8,0.02,0.06,1
"Kaelon Black",RB,SF,8,RB8,0.02,0.05,1
"Tyler Allgeier",RB,ARI,14,RB8,0,0,1.1
"Jerry Jeudy",WR,CLE,11,WR7,0,0,1
"Kenyon Sadiq",TE,NYJ,13,TE6,0,0,1
"Sam Darnold",QB,SEA,11,QB3,0,0,1.3
"Cleveland Browns",DEF,CLE,11,DEF2,0,0,1
"Chicago Bears",DEF,CHI,10,DEF2,0,0,1
"Jacksonville Jaguars",DEF,JAC,7,DST9,0,0,1
"New Orleans Saints",DEF,NO,8,DEF2,0,0,1
"New England Patriots",DEF,NE,11,DST6,0,0,1
"Cincinnati Bengals",DEF,CIN,6,DEF2,0,0,1
"Tampa Bay Buccaneers",DEF,TB,10,DEF2,0,0,1
"Tennessee Titans",DEF,TEN,9,DEF2,0,0,1
"Green Bay Packers",DEF,GB,11,DEF3,0,0,1
"Indianapolis Colts",DEF,IND,13,DEF3,0,0,1
"Washington Commanders",DEF,WAS,7,DEF3,0,0,1
"Kansas City Chiefs",DEF,KC,5,DEF3,0,0,1
"Dallas Cowboys",DEF,DAL,14,DEF3,0,0,1
"New York Giants",DEF,NYG,8,DEF3,0,0,0
"Miami Dolphins",DEF,MIA,6,DEF3,0,0,0
"Las Vegas Raiders",DEF,LV,13,DEF3,0,0,1
"Arizona Cardinals",DEF,ARI,14,DEF3,0,0,0
"San Francisco 49ers",DEF,SF,8,DEF3,0,0,1
"Carolina Panthers",DEF,CAR,5,DEF3,0,0,0
"New York Jets",DEF,NYJ,13,DEF3,0,0,0
"Harrison Butker",K,KC,5,K1,0,-0.1,1
"Will Reichard",K,MIN,6,K1,0,-1.2,1.4
"Evan McPherson",K,CIN,6,K9,0,-3.4,1.1
"Wil Lutz",K,DEN,10,K1,0,-3.5,1
"Trey Smack",K,GB,11,K1,0,-5,1
"Tyler Bass",K,BUF,7,K2,0,-8.3,1
"Daniel Carlson",K,NO,8,K2,0,-10.5,0
"Nick Folk",K,ATL,11,K2,0,-10.9,1
"Andy Borregales",K,NE,11,K2,0,-12.5,1
"Jake Elliott",K,PHI,10,K2,0,-12.7,1
"Chris Boswell",K,PIT,9,K2,0,-13.7,1.2
"Drew Stevens",K,WAS,7,K2,0,-15.3,0
"Riley Patterson",K,MIA,6,K2,0,-17.7,0
"Joey Slye",K,TEN,9,K2,0,-18.1,0
"Blake Grupe",K,NYJ,13,K2,0,-20.3,1
"Chad Ryland",K,ARI,14,K2,0,-20.9,0
"Ryan Fitzgerald",K,CAR,5,K2,0,-24,0
"Matt Gay",K,LV,13,K2,0,-25.9,1
"Andre Szmyt",K,CLE,11,K2,0,-29.9,0
"Dominic Zvada",K,NYG,8,K2,0,-48.5,0
"Brian Robinson Jr.",RB,ATL,11,RB8,-0.12,-0.35,5.2
"Calvin Ridley",WR,TEN,9,WR7,-0.28,-0.79,1
"Makai Lemon",WR,PHI,10,WR7,-0.42,-1.21,1.8
"Terrance Ferguson",TE,LAR,11,TE6,-0.47,-1.33,1
"Tank Bigsby",RB,PHI,10,RB8,-0.49,-1.39,1.2
"Denzel Boston",WR,CLE,11,WR7,-0.7,-1.99,1.1
"Cade Otton",TE,TB,10,TE6,-0.72,-2.06,1
"C.J. Stroud",QB,HOU,8,QB4,-0.94,-2.68,1.1
"AJ Barner",TE,SEA,11,TE6,-0.99,-2.82,1.2
"Chig Okonkwo",TE,WAS,7,TE6,-1.02,-2.91,1.1
"Keaton Mitchell",RB,LAC,7,RB8,-1.15,-3.28,1.2
"Isiah Pacheco",RB,DET,6,RB8,-1.37,-3.9,1.1
"Tre Tucker",WR,LV,13,WR7,-1.52,-4.35,1
"Bryce Young",QB,CAR,5,QB4,-1.79,-5.11,1.4
"Darren Waller",TE,CAR,5,TE6,-1.99,-5.68,1
"Rashod Bateman",WR,BAL,13,WR7,-2,-5.71,1
"Malik Davis",RB,DAL,14,RB8,-2.02,-5.76,1
"Kayshon Boutte",WR,HOU,8,WR7,-2.19,-6.24,1
"Chris Brooks",RB,GB,11,RB8,-2.24,-6.39,1
"Keenan Allen",WR,IND,13,WR7,-2.37,-6.78,1
"Jordan James",RB,SF,8,RB8,-2.52,-7.2,1
"Najee Harris",RB,NYG,8,RB8,-2.56,-7.3,0
"Evan Engram",TE,DEN,10,TE6,-2.69,-7.68,1
"Ja'Kobi Lane",WR,BAL,13,WR7,-2.74,-7.81,1
"Jalen McMillan",WR,TB,10,WR7,-2.81,-8.03,1
"Jauan Jennings",WR,MIN,6,WR7,-2.83,-8.09,1
"Mike Gesicki",TE,CIN,6,TE6,-3.07,-8.75,1
"Gunnar Helm",TE,TEN,9,TE6,-3.27,-9.32,1
"David Njoku",TE,LAC,7,TE6,-3.38,-9.64,1.5
"Tyrone Tracy Jr.",RB,NYG,8,RB8,-3.45,-9.85,1.1
"Jalen Nailor",WR,LV,13,WR7,-3.71,-10.58,1
"Devaughn Vele",WR,NO,8,WR7,-4.18,-11.93,1
"Cooper Kupp",WR,SEA,11,WR7,-4.4,-12.56,1
"Jaylin Noel",WR,HOU,8,WR7,-5,-14.27,1
"Kimani Vidal",RB,LAC,7,RB8,-5.24,-14.93,1
"Mason Taylor",TE,NYJ,13,TE7,-5.27,-15.03,0
"Brashard Smith",RB,KC,5,RB8,-5.32,-15.19,1
"Adonai Mitchell",WR,NYJ,13,WR7,-5.54,-15.8,1
"Colby Parkinson",TE,LAR,11,TE7,-5.59,-15.96,1
"Geno Smith",QB,NYJ,13,QB4,-5.66,-16.15,1
"Cam Ward",QB,TEN,9,QB4,-5.94,-16.95,1.3
"Oronde Gadsden II",TE,LAC,7,TE7,-5.95,-16.98,0
"Jaylen Wright",RB,MIA,6,RB8,-6.15,-17.53,1
"Michael Mayer",TE,LV,13,TE7,-6.23,-17.78,1
"Jacoby Brissett",QB,ARI,14,QB4,-6.26,-17.87,1
"Emanuel Wilson",RB,SEA,11,RB8,-6.36,-18.14,1
"Jordyn Tyson",WR,NO,8,WR8,-6.41,-18.29,2.2
"Germie Bernard",WR,PIT,9,WR8,-6.63,-18.9,1
"Malik Washington",WR,MIA,6,WR8,-6.7,-19.12,1
"Chris Bell",WR,MIA,6,WR8,-6.73,-19.19,1
"Jonah Coleman",RB,DEN,10,RB8,-6.81,-19.42,1
"Kyle Juszczyk",RB,SF,8,RB8,-7.04,-20.09,0
"Antonio Williams",WR,WAS,7,WR8,-7.06,-20.14,1
"Dawson Knox",TE,BUF,7,TE7,-7.18,-20.48,1
"Aaron Rodgers",QB,PIT,9,QB4,-7.27,-20.73,1.2
"Caleb Douglas",WR,MIA,6,WR8,-7.32,-20.88,1
"Omar Cooper Jr.",WR,NYJ,13,WR8,-7.39,-21.07,0
"Travis Hunter",WR,JAC,7,WR8,-7.46,-21.27,1.1
"James Conner",RB,ARI,14,RB8,-7.51,-21.42,1
"Dontayvion Wicks",WR,PHI,10,WR8,-7.52,-21.47,1
"Theo Johnson",TE,NYG,8,TE7,-7.55,-21.53,1
"Xavier Hutchinson",WR,HOU,8,WR8,-7.63,-21.77,0
"Isaiah Davis",RB,NYJ,13,RB8,-7.85,-22.4,1
"Tyquan Thornton",WR,KC,5,WR8,-8.09,-23.07,1
"Darnell Washington",TE,PIT,9,TE7,-8.17,-23.3,1
"Tory Horton",WR,SEA,11,WR8,-8.24,-23.52,1
"Troy Franklin",WR,DEN,10,WR8,-8.31,-23.7,1
"Emmett Johnson",RB,KC,5,RB8,-8.31,-23.71,1
"Darius Slayton",WR,NYG,8,WR8,-8.31,-23.72,1
"Erick All Jr.",TE,CIN,6,TE7,-8.38,-23.92,0
"Adam Randall",RB,BAL,13,RB8,-8.43,-24.04,1
"LeQuint Allen Jr.",RB,JAC,7,RB8,-8.45,-24.09,0
"Jacob Saylors",RB,DET,6,RB8,-8.5,-24.23,0
"Tyler Higbee",TE,LAR,11,TE8,-8.59,-24.51,0
"Xavier Legette",WR,CAR,5,WR8,-8.8,-25.1,1
"Roschon Johnson",RB,CHI,10,RB8,-8.84,-25.22,0
"Ray Davis",RB,BUF,7,RB8,-8.94,-25.5,1
"Jahan Dotson",WR,ATL,11,WR8,-8.96,-25.55,0
"Cole Kmet",TE,CHI,10,TE8,-9.12,-26.03,1
"Sean Tucker",RB,TB,10,RB8,-9.15,-26.1,1
"Seth McGowan",RB,IND,13,RB8,-9.19,-26.23,0
"Bryce Lance",WR,NO,8,WR8,-9.2,-26.26,0
"George Holani",RB,SEA,11,RB8,-9.36,-26.71,1
"Tre' Harris",WR,LAC,7,WR8,-9.42,-26.87,1
"Ryan Flournoy",WR,DAL,14,WR8,-9.43,-26.9,1
"Isaac TeSlaa",WR,DET,6,WR8,-9.45,-26.95,1
"Jalen Tolbert",WR,MIA,6,WR8,-9.6,-27.39,1
"Noah Fant",TE,NO,8,TE8,-9.87,-28.16,1
"Malachi Fields",WR,NYG,8,WR8,-9.9,-28.24,1
"Malik Benson",WR,LV,13,WR8,-9.9,-28.25,0
"Will Kacmarek",TE,MIA,6,TE8,-10,-28.53,0
"Andrei Iosivas",WR,CIN,6,WR8,-10,-28.53,1
"Ted Hurst III",WR,TB,10,WR8,-10.13,-28.91,0
"Emari Demercado",RB,DAL,14,RB8,-10.21,-29.12,1
"Charlie Kolar",TE,LAC,7,TE8,-10.29,-29.36,0
"Hollywood Brown",WR,PHI,10,WR8,-10.35,-29.54,1
"Corey Kiner",RB,NE,11,RB8,-10.38,-29.62,0
"Elic Ayomanor",WR,TEN,9,WR8,-10.43,-29.76,0
"Ollie Gordon II",RB,MIA,6,RB8,-10.47,-29.87,0
"DeMario Douglas",WR,NE,11,WR8,-10.52,-30.02,1
"Kendre Miller",RB,NO,8,RB8,-10.62,-30.31,1
"Chimere Dike",WR,TEN,9,WR8,-10.67,-30.44,1
"Audric Estime",RB,NO,8,RB8,-10.73,-30.62,1
"Will Shipley",RB,PHI,10,RB8,-10.76,-30.7,0
"Jonnu Smith",TE,GB,11,TE8,-10.78,-30.75,0
"Zachariah Branch",WR,ATL,11,WR8,-10.79,-30.78,1
"Eli Heidenreich",RB,PIT,9,RB8,-10.96,-31.27,0
"Brock Wright",TE,DET,6,TE8,-10.98,-31.32,0
"Hunter Luepke",RB,DAL,14,RB8,-10.98,-31.32,0
"Josh Oliver",TE,MIN,6,TE8,-10.99,-31.36,0
"Daniel Bellinger",TE,TEN,9,TE8,-11.04,-31.48,0
"Kaytron Allen",RB,WAS,7,RB8,-11.11,-31.7,1
"Keon Coleman",WR,BUF,7,WR8,-11.19,-31.93,1
"Adam Trautman",TE,DEN,10,TE8,-11.2,-31.96,0
"Raheim Sanders",RB,CLE,11,RB8,-11.21,-31.97,0
"Austin Hooper",TE,ATL,11,TE8,-11.31,-32.27,0
"Nicholas Singleton",RB,TEN,9,RB8,-11.33,-32.32,1
"Demond Claiborne",RB,MIN,6,RB8,-11.34,-32.35,1
"Tommy Tremble",TE,CAR,5,TE8,-11.34,-32.36,0
"Eli Raridon",TE,NE,11,TE8,-11.35,-32.39,0
"Noah Gray",TE,KC,5,TE8,-11.43,-32.6,0
"Tahj Brooks",RB,CIN,6,RB8,-11.45,-32.66,1
"DJ Giddens",RB,IND,13,RB8,-11.56,-32.97,1
"Rasheen Ali",RB,BAL,13,RB8,-11.63,-33.18,0
"Eli Stowers",TE,PHI,10,TE8,-11.66,-33.25,1
"Elijah Arroyo",TE,SEA,11,TE8,-11.73,-33.45,0
"Joshua Palmer",WR,BUF,7,WR8,-11.8,-33.66,0
"Pat Bryant",WR,DEN,10,WR8,-11.92,-34.01,1
"Michael Burton",RB,CLE,11,RB8,-12.07,-34.44,0
"Davis Allen",TE,LAR,11,TE8,-12.28,-35.04,0
"Ashton Dulin",WR,IND,13,WR8,-12.4,-35.37,0
"Marlin Klein",TE,HOU,8,TE8,-12.42,-35.42,0
"Andrew Beck",RB,NYJ,13,RB8,-12.42,-35.43,0
"Ja'Tavion Sanders",TE,CAR,5,TE8,-12.43,-35.47,0
"Elijah Higgins",TE,ARI,14,TE8,-12.43,-35.47,0
"Alec Ingold",RB,LAC,7,RB8,-12.45,-35.53,0
"Ameer Abdullah",RB,JAC,7,RB8,-12.52,-35.72,0
"Marvin Mims Jr.",WR,DEN,10,WR8,-12.58,-35.9,0
"John Bates",TE,WAS,7,TE8,-12.59,-35.91,0
"Isaac Guerendo",RB,SF,8,RB8,-12.63,-36.02,0
"KaVontae Turpin",WR,DAL,14,WR8,-12.71,-36.26,0
"Kevin Coleman Jr.",WR,MIA,6,WR8,-12.74,-36.35,0
"Darnell Mooney",WR,NYG,8,WR8,-12.81,-36.53,1
"Devin Singletary",RB,NYG,8,RB8,-12.81,-36.54,1
"Jeremy Ruckert",TE,NYJ,13,TE8,-12.86,-36.68,0
"Devontez Walker",WR,BAL,13,WR8,-12.88,-36.76,0
"Kene Nwangwu",RB,NYJ,13,RB8,-12.89,-36.77,0
"Fernando Mendoza",QB,LV,13,QB5,-13.02,-37.13,1.1
"Jack Bech",WR,LV,13,WR8,-13.02,-37.14,1
"Bam Knight",RB,ARI,14,RB8,-13.02,-37.14,0
"Adam Prentice",RB,DEN,10,RB8,-13.1,-37.38,0
"Connor Heyward",RB,LV,13,RB8,-13.13,-37.45,0
"Max Bredeson",RB,MIN,6,RB8,-13.23,-37.74,0
"Nate Boerkircher",TE,JAC,7,TE8,-13.27,-37.85,0
"Drew Sample",TE,CIN,6,TE8,-13.29,-37.91,0
"Kaleb Johnson",RB,GB,11,RB8,-13.3,-37.94,1
"Jake Tonges",TE,SF,8,TE8,-13.3,-37.95,1
"Connor Heyward",TE,LV,13,TE8,-13.4,-38.22,0
"Riley Nowakowski",RB,PIT,9,RB8,-13.51,-38.53,0
"Reggie Gilliam",RB,NE,11,RB8,-13.51,-38.55,0
"Sione Vaki",RB,DET,6,RB8,-13.55,-38.66,1
"Jahdae Walker",WR,CHI,10,WR8,-13.6,-38.81,0
"Demarcus Robinson",WR,SF,8,WR8,-13.66,-38.98,0
"Patrick Ricard",RB,NYG,8,RB8,-13.69,-39.05,0
"Cade Stover",TE,HOU,8,TE8,-14.02,-40.01,0
"Nate Adkins",TE,DEN,10,TE8,-14.03,-40.02,0
"Ben Sinnott",TE,WAS,7,TE8,-14.08,-40.16,0
"Jackson Hawes",TE,BUF,7,TE8,-14.1,-40.22,0
"Mack Hollins",WR,NE,11,WR8,-14.11,-40.26,0
"Jack Endries",TE,CIN,6,TE8,-14.17,-40.42,0
"British Brooks",RB,HOU,8,RB8,-14.19,-40.47,0
"Luke Musgrave",TE,GB,11,TE8,-14.26,-40.68,0
"Luke Schoonmaker",TE,DAL,14,TE8,-14.28,-40.75,0
"Tank Dell",WR,HOU,8,WR8,-14.3,-40.8,1
"Christian Kirk",WR,SF,8,WR8,-14.46,-41.25,1
"Foster Moreau",TE,HOU,8,TE8,-14.49,-41.34,0
"Bauer Sharp",TE,TB,10,TE8,-14.52,-41.42,0
"Luke McCaffrey",WR,WAS,7,WR8,-14.58,-41.6,0
"Dallen Bentley",TE,DEN,10,TE8,-14.59,-41.62,0
"DeeJay Dallas",RB,MIN,6,RB8,-14.61,-41.67,0
"Jerome Ford",RB,WAS,7,RB8,-14.61,-41.67,0
"Tyler Badie",RB,DEN,10,RB8,-14.61,-41.67,0
"Trey Benson",RB,ARI,14,RB8,-14.61,-41.67,1
"Trevor Etienne",RB,CAR,5,RB8,-14.61,-41.67,1
"Dylan Laube",RB,LV,13,RB8,-14.61,-41.67,0
"Chris Collier",RB,LV,13,RB8,-14.61,-41.67,0
"Cyrus Allen",WR,KC,5,WR8,-14.62,-41.72,0
"Mo Alie-Cox",TE,IND,13,TE8,-14.68,-41.88,0
"Charlie Woerner",TE,ATL,11,TE8,-14.7,-41.92,0
"Kyle Williams",WR,NE,11,WR8,-14.7,-41.94,1
"Thomas Fidone II",TE,NYG,8,TE8,-14.82,-42.27,0
"Jared Wiley",TE,KC,5,TE8,-14.82,-42.27,0
"Will Mallory",TE,IND,13,TE8,-15.06,-42.97,0
"Kylen Granson",TE,TEN,9,TE8,-15.13,-43.17,0
"Kendrick Bourne",WR,ARI,14,WR8,-15.27,-43.56,0
"Theo Wease Jr.",WR,LAC,7,WR8,-15.27,-43.57,0
"Durham Smythe",TE,BAL,13,TE8,-15.27,-43.58,0
"Oscar Delp",TE,NO,8,TE8,-15.3,-43.64,0
"Dyami Brown",WR,WAS,7,WR8,-15.33,-43.75,0
"Mitchell Evans",TE,CAR,5,TE8,-15.51,-44.25,0
"Treylon Burks",WR,WAS,7,WR8,-15.57,-44.41,1
"Kalif Raymond",WR,CHI,10,WR8,-15.58,-44.46,0
"Payne Durham",TE,TB,10,TE8,-15.59,-44.48,0
"Max Klare",TE,LAR,11,TE8,-15.68,-44.72,1
"Seydou Traore",TE,MIA,6,TE8,-15.69,-44.76,0
"Grant Calcaterra",TE,PHI,10,TE8,-15.71,-44.82,0
"Brevyn Spann-Ford",TE,DAL,14,TE8,-15.88,-45.3,0
"Tanner Koziol",TE,JAC,7,TE8,-15.98,-45.58,0
"Sam Roush",TE,CHI,10,TE8,-16.02,-45.7,0
"Savion Williams",WR,GB,11,WR8,-16.04,-45.76,0
"Josh Whyle",TE,GB,11,TE8,-16.07,-45.86,1
"Hunter Long",TE,ARI,14,TE8,-16.13,-46.02,0
"Ian Thomas",TE,LV,13,TE8,-16.2,-46.22,0
"Josh Cuevas",TE,BAL,13,TE8,-16.22,-46.27,0
"Ko Kieft",TE,TB,10,TE8,-16.25,-46.34,0
"Drew Ogletree",TE,IND,13,TE8,-16.4,-46.79,0
"Blake Whiteheart",TE,CLE,11,TE8,-16.5,-47.08,0
"Chris Manhertz",TE,NYG,8,TE8,-16.52,-47.14,0
"Justin Joly",TE,MIA,6,TE8,-16.82,-47.99,0
"Isaiah Bond",WR,CLE,11,WR8,-17.07,-48.71,1
"Zavion Thomas",WR,CHI,10,WR8,-17.09,-48.77,0
"Skyler Bell",WR,BUF,7,WR8,-17.18,-49.02,1
"Luke Farrell",TE,SF,8,TE8,-17.24,-49.17,0
"Tyler Conklin",TE,DET,6,TE8,-17.24,-49.2,0
"Eric Saubert",TE,SEA,11,TE8,-17.3,-49.35,0
"Johnny Mundt",TE,PHI,10,TE8,-17.38,-49.58,0
"Carsen Ryan",TE,CLE,11,TE8,-17.38,-49.58,0
"Tutu Atwell",WR,LAR,11,WR8,-17.61,-50.24,0
"Olamide Zaccheaus",WR,ATL,11,WR8,-17.82,-50.83,1
"Colbie Young",WR,CIN,6,WR8,-17.88,-51.01,0
"Roman Wilson",WR,PIT,9,WR8,-18.13,-51.72,0
"Brenen Thompson",WR,LAC,7,WR8,-18.16,-51.8,0
"Isaiah Williams",WR,NYJ,13,WR8,-18.37,-52.41,0
"Jaylin Lane",WR,WAS,7,WR8,-18.42,-52.56,0
"Elijah Sarratt",WR,BAL,13,WR8,-18.43,-52.57,1
"Quintin Morris",TE,JAC,7,TE8,-18.52,-52.82,0
"Cole Turner",TE,MIA,6,TE8,-18.52,-52.82,0
"Tanner Hudson",TE,CIN,6,TE8,-18.52,-52.82,0
"Ben Sims",TE,MIA,6,TE8,-18.52,-52.82,0
"Jelani Woods",TE,NYJ,13,TE8,-18.52,-52.82,0
"Lucas Krull",TE,DEN,10,TE8,-18.52,-52.82,0
"Julian Hill",TE,NE,11,TE8,-18.52,-52.82,0
"Tip Reiman",TE,ARI,14,TE8,-18.52,-52.82,0
"CJ Dippre",TE,TB,10,TE8,-18.52,-52.82,0
"Odell Beckham Jr.",WR,NYG,8,WR8,-18.74,-53.47,0
"Tez Johnson",WR,TB,10,WR8,-18.97,-54.11,1
"Jimmy Horn Jr.",WR,CAR,5,WR8,-18.98,-54.15,0
"Jordan Whittington",WR,LAR,11,WR8,-19.07,-54.41,0
"Konata Mumpfield",WR,LAR,11,WR8,-19.27,-54.98,0
"Barion Brown",WR,NO,8,WR8,-19.51,-55.65,0
"KeAndre Lambert-Smith",WR,LAC,7,WR8,-19.56,-55.79,0
"Jalen Royals",WR,KC,5,WR8,-19.57,-55.82,0
"Laquon Treadwell",WR,IND,13,WR8,-19.75,-56.33,0
"Bo Melton",WR,GB,11,WR8,-19.81,-56.52,0
"Tay Martin",WR,DET,6,WR8,-20.07,-57.25,0
"Malachi Corley",WR,CLE,11,WR8,-20.19,-57.59,0
"Derius Davis",WR,LAC,7,WR8,-20.57,-58.69,0
"Dohnte Meyers",WR,CIN,6,WR8,-20.64,-58.87,0
"Xavier Smith",WR,LAR,11,WR8,-20.72,-59.11,0
"Jacob Cowing",WR,SF,8,WR8,-20.75,-59.19,0
"Efton Chism III",WR,NE,11,WR8,-20.76,-59.21,0
"Jonathan Mingo",WR,DAL,14,WR8,-20.85,-59.47,0
"Darius Cooper",WR,PHI,10,WR8,-20.86,-59.51,0
"Josh Cameron",WR,JAC,7,WR8,-20.94,-59.73,0
"Tai Felton",WR,MIN,6,WR8,-20.94,-59.75,0
"Brycen Tremayne",WR,CAR,5,WR8,-21,-59.9,0
"Reggie Virgil",WR,ARI,14,WR8,-21.04,-60.01,0
"Dareke Young",WR,LV,13,WR8,-21.06,-60.08,0
"Arian Smith",WR,NYJ,13,WR8,-21.5,-61.34,0
"Ben Skowronek",WR,PIT,9,WR8,-21.57,-61.53,0
"Kameron Johnson",WR,TB,10,WR8,-21.81,-62.22,0
"Kaden Wetjen",WR,PIT,9,WR8,-21.82,-62.24,0
"Tua Tagovailoa",QB,ATL,11,QB5,-21.94,-62.58,1
"Braxton Berrios",WR,NYG,8,WR8,-22.13,-63.12,0
"Gunner Olszewski",WR,NYG,8,WR8,-22.13,-63.12,0
"Devin Duvernay",WR,ARI,14,WR8,-22.13,-63.12,0
"Tylan Wallace",WR,CLE,11,WR8,-22.13,-63.12,0
"Skyy Moore",WR,GB,11,WR8,-22.13,-63.12,0
"Jalen Brooks",WR,ARI,14,WR8,-22.13,-63.12,0
"Nikko Remigio",WR,KC,5,WR8,-22.13,-63.12,0
"Tyrell Shavers",WR,BUF,7,WR8,-22.13,-63.12,0
"Mason Tipton",WR,NO,8,WR8,-22.13,-63.12,0
"Dont'e Thornton Jr.",WR,LV,13,WR8,-22.13,-63.12,0
"LaJohntay Wester",WR,BAL,13,WR8,-22.13,-63.12,0
"Ke'Shawn Williams",WR,CIN,6,WR8,-22.13,-63.12,0
"Myles Price",WR,MIN,6,WR8,-22.13,-63.12,0
"Deshaun Watson",QB,CLE,11,QB5,-22.89,-65.3,1
"Shedeur Sanders",QB,CLE,11,QB6,-28,-79.88,1
"Michael Penix Jr.",QB,ATL,11,QB6,-29.32,-83.65,0
"Kirk Cousins",QB,LV,13,QB7,-38.34,-109.39,1
"Carson Beck",QB,ARI,14,QB7,-41.4,-118.09,0
"Ty Simpson",QB,LAR,11,QB7,-43.3,-123.52,0
"Marcus Mariota",QB,WAS,7,QB7,-43.45,-123.95,0
"Riley Leonard",QB,IND,13,QB7,-44.24,-126.19,0
"Justin Fields",QB,KC,5,QB7,-44.41,-126.7,0
"Anthony Richardson Sr.",QB,IND,13,QB7,-44.41,-126.7,0
"J.J. McCarthy",QB,MIN,6,QB7,-44.46,-126.83,1
"Jameis Winston",QB,NYG,8,QB7,-44.57,-127.14,0
"Jarrett Stidham",QB,DEN,10,QB7,-44.61,-127.28,0
"Tommy DeVito",QB,NE,11,QB7,-44.62,-127.28,0
"Tyson Bagent",QB,CHI,10,QB7,-44.62,-127.29,0
"Davis Mills",QB,HOU,8,QB7,-44.7,-127.51,0
"Joshua Dobbs",QB,DET,6,QB7,-44.75,-127.65,0
"Mac Jones",QB,SF,8,QB7,-44.75,-127.65,0
"Tyrod Taylor",QB,GB,11,QB7,-44.75,-127.66,0
"Quinn Ewers",QB,JAC,7,QB7,-44.76,-127.69,0
"Joe Flacco",QB,CIN,6,QB7,-44.77,-127.71,0
"Tanner McKee",QB,PHI,10,QB7,-44.77,-127.71,0
"Kenny Pickett",QB,CAR,5,QB7,-44.78,-127.74,0
"Drew Allar",QB,PIT,9,QB7,-44.79,-127.79,0
"Trey Lance",QB,LAC,7,QB7,-44.8,-127.82,0
"Tyler Huntley",QB,BAL,13,QB7,-44.81,-127.82,0
"Sam Howell",QB,DAL,14,QB7,-44.81,-127.84,0
"Spencer Rattler",QB,NO,8,QB7,-44.83,-127.89,0
"Jalon Daniels",QB,TB,10,QB7,-44.85,-127.93,0
"Andy Dalton",QB,PHI,10,QB7,-44.86,-127.97,0
"Drew Lock",QB,SEA,11,QB7,-44.88,-128.04,0
"Gardner Minshew II",QB,ARI,14,QB7,-44.93,-128.18,0
"Cole Payton",QB,PHI,10,QB7,-44.98,-128.32,0
"Cade Klubnik",QB,NYJ,13,QB7,-45,-128.38,0
"Kyle Allen",QB,BUF,7,QB7,-45,-128.38,0
"Jalen Milroe",QB,SEA,11,QB7,-45.02,-128.44,0
"Mitchell Trubisky",QB,TEN,9,QB7,-45.04,-128.49,0
"Kyle McCord",QB,MIA,6,QB7,-45.22,-129.01,0
"Joe Milton III",QB,DAL,14,QB7,-45.52,-129.85,0
"Will Howard",QB,PIT,9,QB7,-45.62,-130.14,0
"Mason Rudolph",QB,PIT,9,QB7,-45.62,-130.15,0
"Stetson Bennett IV",QB,LAR,11,QB7,-45.68,-130.32,0
"Brady Cook",QB,MIA,6,QB7,-45.73,-130.46,0
"Nick Mullens",QB,JAC,7,QB7,-46.6,-132.92,0
"Josh Johnson",QB,CIN,6,QB7,-46.6,-132.92,0
"Aidan O'Connell",QB,LV,13,QB7,-46.6,-132.92,0
